attribute,instance,parent_instance,notation,label,definition,reference,citation,isproperty,concept_definition
vegetationClass,HS,H,HS,Short grassland,,,,False,table 11
vegetationClass,S,,S,Shrub,,,,False,table 11
vegetationClass,W,,W,Woodland,,,,False,table 11
vegetationClass,B,,B,Groundwater-fed bog peat,,,,False,table 11
vegetationClass,FS,F,FS,Semi-deciduous forest,,,,False,table 11
vegetationClass,D,,D,Dwarf shrub,,,,False,table 11
vegetationClass,DT,D,DT,Tundra,,,,False,table 11
vegetationClass,DD,D,DD,Deciduous dwarf shrub,,,,False,table 11
vegetationClass,F,,F,Closed forest,,,,False,table 11
vegetationClass,FX,F,FX,Xeromorphic forest,,,,False,table 11
vegetationClass,SE,S,SE,Evergreen shrub,,,,False,table 11
vegetationClass,WX,WE,WX,Xeromorphic woodland,,,,False,table 11
vegetationClass,M,,M,Rainwater-fed moor peat,,,,False,table 11
vegetationClass,HF,H,HF,Forb,,,,False,table 11
vegetationClass,WE,WE,WE,Evergreen woodland,,,,False,table 11
vegetationClass,SX,S,SX,Xeromorphic shrub,,,,False,table 11
vegetationClass,WD,WE,WD,Deciduous woodland,,,,False,table 11
vegetationClass,SD,S,SD,Deciduous shrub,,,,False,table 11
vegetationClass,DS,D,DS,Semi-deciduous dwarf shrub,,,,False,table 11
vegetationClass,FC,F,FC,Coniferous forest,,,,False,table 11
vegetationClass,HM,H,HM,Medium grassland,,,,False,table 11
vegetationClass,FD,F,FD,Deciduous forest,,,,False,table 11
vegetationClass,HT,H,HT,Tall grassland,,,,False,table 11
vegetationClass,FE,F,FE,Evergreen broad-leaved forest,,,,False,table 11
vegetationClass,DX,D,DX,Xermomorphic dwarf shrub,,,,False,table 11
vegetationClass,WS,WE,WS,Semi-deciduous woodland,,,,False,table 11
vegetationClass,SS,S,SS,Semi-deciduous shrub,,,,False,table 11
vegetationClass,H,,H,Herbaceous,,,,False,table 11
vegetationClass,DE,D,DE,Evergreen dwarf shrub,,,,False,table 11
mineralConcKind,IC,,IC,Crack infillings,,,,False,table 74
mineralConcKind,O,,O,Other,,,,False,table 74
mineralConcKind,T,,T,Crystal,,,,False,table 74
mineralConcKind,IP,,IP,Pore infillings,Including pseudomycelium of carbonates or opal.,,,False,table 74
mineralConcKind,SC,,SC,Soft concretio,,,,False,table 74
mineralConcKind,S,,S,Soft segregation (or soft accumulation),Differs from the surrounding soil mass in colour and composition but is not easily separated as a discrete body.,,,False,table 74
mineralConcKind,R,,R,Residual rock fragment,Discrete impregnated body still showing rock structure.,,,False,table 74
mineralConcKind,N,,N,Nodul,Discrete body without an internal organization.,,,False,table 74
mineralConcKind,C,,C,Concretio,"A discrete body with a concentric internal structure, generally cemented.",,,False,table 74
boundaryTopography,B,,B,Brok,Discontinuous,,,False,table 24.2
boundaryTopography,I,,I,Irregular,Pockets more deep than wide,,,False,table 24.2
boundaryTopography,S,,S,Smooth,Nearly plane surface,,,False,table 24.2
boundaryTopography,W,,W,Wavy,Pockets less deep than wide,,,False,table 24.2
sandyTexture,LCS,,LCS,Loamy coarse sand,,,,False,figure 4.3
sandyTexture,FS,,FS,Fine sand,,,,False,figure 4.3
sandyTexture,LFS,,LFS,Loamy fine sand,,,,False,figure 4.3
sandyTexture,US,,US,"Sand, unsorted",,,,False,figure 4.3
sandyTexture,LVFS,,LVFS,Loamy very fine sand,,,,False,figure 4.3
sandyTexture,VFS,,VFS,Very fine sand,,,,False,figure 4.3
sandyTexture,MS,,MS,Medium sand,,,,False,figure 4.3
sandyTexture,FSL,,FSL,Fine sandy loam,,,,False,figure 4.3
sandyTexture,CS,,CS,Coarse sand,,,,False,figure 4.3
sandyTexture,CSL,,CSL,Coarse sandy loam,,,,False,figure 4.3
coatingLocation,CF,,CF,Coarse fragments,,,,False,table 68
coatingLocation,NS,,NS,No specific locatio,,,,False,table 68
coatingLocation,PH,,PH,Horizontal pedfaces,,,,False,table 68
coatingLocation,P,,P,Pedfaces,,,,False,table 68
coatingLocation,BR,,BR,Bridges between sand grains,,,,False,table 68
coatingLocation,LA,,LA,Lamellae (clay bands),,,,False,table 68
coatingLocation,VO,,VO,Voids,,,,False,table 68
coatingLocation,PV,,PV,Vertical pedfaces,,,,False,table 68
slopeGradientClass,03,,03,Nearly level,,,,False,table 7
slopeGradientClass,04,,04,Very gently sloping,,,,False,table 7
slopeGradientClass,08,,08,Moderately steep,,,,False,table 7
slopeGradientClass,05,,05,Gently sloping,,,,False,table 7
slopeGradientClass,06,,06,Sloping,,,,False,table 7
slopeGradientClass,09,,09,Steep,,,,False,table 7
slopeGradientClass,01,,01,Flat,,,,False,table 7
slopeGradientClass,07,,07,Strongly sloping,,,,False,table 7
slopeGradientClass,02,,02,Level,,,,False,table 7
slopeGradientClass,10,,10,Very steep,,,,False,table 7
structureSize,CO,,CO,Coarse/thick,5–10 50–100 20–50,,,False,table 47
structureSize,FI,,FI,Fine/thi,1–2 10–20 5–10,,,False,table 47
structureSize,VC,,VC,Very coarse/thick,> 10 100–500 > 50,,,False,table 47
structureSize,EC,,EC,Extremely coars,– > 500 –,,,False,table 47
structureSize,VF,,VF,Very fine/thi,< 1 < 10 < 5,,,False,table 47
structureSize,ME,,ME,Medium,2–5 20–50 10–20,,,False,table 47
mottlesSize,M,,M,M Medium,6–20,,,False,table 33
mottlesSize,A,,A,A Coars,> 20,,,False,table 33
mottlesSize,V,,V,Very fi,< 2,,,False,table 33
mottlesSize,F,,F,F Fi,2–6,,,False,table 33
saltThickness,V,,V,Very thick,> 20mm,,,False,table 22.2
saltThickness,M,,M,Medium,2mm–5mm,,,False,table 22.2
saltThickness,N,,N,No,,,,False,table 22.2
saltThickness,C,,C,Thick,5mm–20mm,,,False,table 22.2
saltThickness,F,,F,Thi,< 2mm,,,False,table 22.2
landformComplex,RI,,RI,Ridged,,,,False,table 5
landformComplex,KA,,KA,Strong karst,,,,False,table 5
landformComplex,IN,,IN,Inselberg covered (occupying > 1% of level land),,,,False,table 5
landformComplex,TE,,TE,Terraced,,,,False,table 5
landformComplex,IM,,IM,With intermontane plains (occupying > 15%),,,,False,table 5
landformComplex,CU,,CU,Cuesta-shaped,,,,False,table 5
landformComplex,WE,,WE,With wetlands (occupying > 15%),,,,False,table 5
landformComplex,DO,,DO,Dome-shaped,,,,False,table 5
landformComplex,DU,,DU,Dune-shaped,,,,False,table 5
cracksDistance,C,,C,Very closely spaced < 0.2,,,,False,table 21.3
cracksDistance,V,,V,Very widely spaced > 5,,,,False,table 21.3
cracksDistance,M,,M,Moderately widely spaced 0.5–2,,,,False,table 21.3
cracksDistance,D,,D,Closely spaced 0.2–0.5,,,,False,table 21.3
cracksDistance,W,,W,Widely spaced 2–5,,,,False,table 21.3
peatVolume,SV2,,SV2,3– < 5%,,,,False,table 59.2
peatVolume,SV1,,SV1,< 3%,,,,False,table 59.2
peatVolume,SV4,,SV4,8– < 12%,,,,False,table 59.2
peatVolume,SV5,,SV5,≥ 12%,,,,False,table 59.2
peatVolume,SV3,,SV3,5– < 8%,,,,False,table 59.2
boundaryClassification,C,,C,Clear,0.5–2,,,False,table 35
boundaryClassification,S,,S,Sharp,< 0.5,,,False,table 35
boundaryClassification,D,,D,Diffus,> 2,,,False,table 35
erosionDegree,M,,M,Moderat,Moderate Clear evidence of removal of surface horizons. Original biotic functions partly destroyed.,,,False,table 18
erosionDegree,S,,S,Slight,Slight Some evidence of damage to surface horizons. Original biotic functions largely intact.,,,False,table 18
erosionDegree,V,,V,Sever,Severe Surface horizons completely removed and subsurface horizons exposed. Original biotic functions largely destroyed.,,,False,table 18
erosionDegree,E,,E,Extrem,Extreme Substantial removal of deeper subsurface horizons (badlands). Original biotic functions fully destroyed.,,,False,table 18
silt,SWDF2,,SWDF2,SiltWaterDispersibleFraction02,,,,True,
silt,SSFT,,SSFT,SiltSizeFractionTotal,,,,True,
silt,SSF1,,SSF1,SiltSizeFraction01,,,,True,
silt,SWDF1,,SWDF1,SiltWaterDispersibleFraction01,,,,True,
silt,SSF3,,SSF3,SiltSizeFraction03,,,,True,
silt,SWDFT,,SWDFT,SiltWaterDispersibleFractionTotal,,,,True,
silt,SSF2,,SSF2,SiltSizeFraction02,,,,True,
erosionCategory,AM,A,AM,Wind erosion and depositio,,,,False,table 16
erosionCategory,WR,W,WR,Rill erosio,,,,False,table 16
erosionCategory,N,,N,No evidence of erosio,,,,False,table 16
erosionCategory,M,,N,Mass movement,,,,False,table 16
erosionCategory,AZ,A,AZ,Salt depositio,,,,False,table 16
erosionCategory,WA,W,WA,Water and wind erosio,,,,False,table 16
erosionCategory,W,,W,Water erosion or depositio,,,,False,table 16
erosionCategory,AS,A,AS,Shifting sands,,,,False,table 16
erosionCategory,WS,W,WS,Sheet erosio,,,,False,table 16
erosionCategory,WD,W,WD,Deposition by water,,,,False,table 16
erosionCategory,NK,,N,Not know,,,,False,table 16
erosionCategory,AD,A,AD,Wind depositio,,,,False,table 16
erosionCategory,A,,A,Wind (aeolian) erosion or depositio,,,,False,table 16
erosionCategory,WT,W,WT,Tunnel erosio,,,,False,table 16
erosionCategory,WG,W,WG,Gully erosio,,,,False,table 16
biologicalAbundance,M,,M,Many,,,,False,table 81
biologicalAbundance,C,,C,Commo,,,,False,table 81
biologicalAbundance,N,,N,No,,,,False,table 81
biologicalAbundance,F,,F,Few,,,,False,table 81
consistenceDry,SHA,,SHA,Slightly hard,Weakly resistant to pressure; easily broken between thumb and forefinger.,,,False,table 53
consistenceDry,SSH,,SSH,soft to slightly hard,soft to slightly hard,,,False,table 53
consistenceDry,VHA,,VHA,Very hard,Very hard Very resistant to pressure; can be broken in the hands only with difficulty.,,,False,table 53
consistenceDry,SO,,SO,Soft,Soil mass is very weakly coherent and fragile; breaks to powder or individual grains under very slight pressure.,,,False,table 53
consistenceDry,LO,,LO,Loos,Non-coherent.,,,False,table 53
consistenceDry,SHH,,SHH,slightly hard to hard,slightly hard to hard,,,False,table 53
consistenceDry,HA,,HA,Hard,Moderately resistant to pressure; can be broken in the hands; not breakable between thumb and forefinger.,,,False,table 53
consistenceDry,EHA,,EHA,Extremely hard,Extremely resistant to pressure; cannot be broken in the hands.,,,False,table 53
consistenceDry,HVH,,HVH,hard to very hard,hard to very hard,,,False,table 53
rockOutcropsDistance,1,,1,> 50,,,,False,"table 14,2"
rockOutcropsDistance,3,,3,5–20,,,,False,"table 14,2"
rockOutcropsDistance,2,,2,20–50,,,,False,"table 14,2"
rockOutcropsDistance,4,,4,2–5,,,,False,"table 14,2"
rockOutcropsDistance,5,,5,< 2,,,,False,"table 14,2"
mineralConcColour,BR,,BR,Brow,,,,False,table 78
mineralConcColour,BU,,BU,Blu,,,,False,table 78
mineralConcColour,YR,,YR,Yellowish red,,,,False,table 78
mineralConcColour,MC,,MC,Multicoloured,,,,False,table 78
mineralConcColour,RY,,RY,Reddish yellow,,,,False,table 78
mineralConcColour,BS,,BS,Brownish,,,,False,table 78
mineralConcColour,BB,,BB,Bluish-black,,,,False,table 78
mineralConcColour,BL,,BL,Black,,,,False,table 78
mineralConcColour,RE,,RE,Red,,,,False,table 78
mineralConcColour,RB,,RB,Reddish brow,,,,False,table 78
mineralConcColour,YB,,YB,Yellowish brow,,,,False,table 78
mineralConcColour,GS,,GS,Greyish,,,,False,table 78
mineralConcColour,GE,,GE,Greenish,,,,False,table 78
mineralConcColour,YE,,YE,Yellow,,,,False,table 78
mineralConcColour,RS,,RS,Reddish,,,,False,table 78
mineralConcColour,WH,,WH,Whit,,,,False,table 78
mineralConcColour,GR,,GR,Grey,,,,False,table 78
erosionTotalAreaAffected,4,,4,25–50,,,,False,table 17
erosionTotalAreaAffected,0,,0,0,,,,False,table 17
erosionTotalAreaAffected,5,,5,> 50,,,,False,table 17
erosionTotalAreaAffected,3,,3,10–25,,,,False,table 17
erosionTotalAreaAffected,1,,1,0–5,,,,False,table 17
erosionTotalAreaAffected,2,,2,5–10,,,,False,table 17
coatingContrast,F,,F,Faint,"Surface of coating shows only little contrast in colour, smoothness or any other property to the adjacent surface. Fine sand grains are readily apparent in the cutan. Lamellae are less than 2 mm thick.",,,False,table 66
coatingContrast,P,,P,Prominent,Surface of coatings contrasts strongly in smoothness or colour with the adjacent surfaces. Outlines of fine sand grains are not visible. Lamellae are more than 5 mm thick.,,,False,table 66
coatingContrast,D,,D,Distinct,Surface of coating is distinctly smoother or different in colour from the adjacent surface. Fine sand grains are enveloped in the coating but their outlines are still visible. Lamellae are 2–5 mm thick.,,,False,table 66
gypsumForms,SC,,SC,soft concretions,,,,False,table 41
gypsumForms,HL,,HL,hard cemented layer or layers of gypsum (less than 10 cm thick),,,,False,table 41
gypsumForms,G,,G,“gazha” (clayey water-saturated layer with high gypsum content),,,,False,table 41
gypsumForms,D,,D,disperse powdery gypsum,,,,False,table 41
lithology,SC,S,SC,clastic sediments,,,,False,table 12
lithology,UF1,UF,UF1,sand and gravel,,,,False,table 12
lithology,IA2,IA,IA2,grano-diorit,,,,False,table 12
lithology,IB3,IB,IB3,dolerit,,,,False,table 12
lithology,IU,I,IU,ultrabasic igneous,,,,False,table 12
lithology,UU4,UU,UU4,gravelly sand,,,,False,table 12
lithology,UG3,UG,UG3,UG3 glacio-fluvial gravel,,,,False,table 12
lithology,UG1,UG,UG1,morai,,,,False,table 12
lithology,IP2,IP,IP2,volcanic scoria/breccia,,,,False,table 12
lithology,UF,U,UF,fluvial,,,,False,table 12
lithology,UO,U,UO,organic,,,,False,table 12
lithology,SC2,SC,SC2,"sandstone, greywacke, arkos",,,,False,table 12
lithology,MB4,MB,MB4,metamorphic limestone (marble),,,,False,table 12
lithology,IP3,IP,IP3,volcanic ash,,,,False,table 12
lithology,UO1,UO,UO1,rainwater-fed moor peat,,,,False,table 12
lithology,UG,U,UG,glacial,,,,False,table 12
lithology,II2,II,II2,diorite-syenit,,,,False,table 12
lithology,IB2,IB,IB2,basalt,,,,False,table 12
lithology,UA2,UA,UA2,industrial/artisanal deposits,,,,False,table 12
lithology,UL2,UL,UL2,silt and clay,,,,False,table 12
lithology,UC2,UC,UC2,lahar,,,,False,table 12
lithology,UE2,UE,UE2,sand,,,,False,table 12
lithology,UG2,UG,UG2,UG2 glacio-fluvial sand,,,,False,table 12
lithology,SE,S,SE,vaporites,,,,False,table 12
lithology,UA,U,UA,anthropogenic/technogenic,,,,False,table 12
lithology,MA,M,MA,acid metamorphic,,,,False,table 12
lithology,UE,U,UE,olia,,,,False,table 12
lithology,UK,U,UK,kryogenic,,,,False,table 12
lithology,SC4,SC,SC4,shal,,,,False,table 12
lithology,SC1,SC,SC1,"conglomerate, breccia",,,,False,table 12
lithology,IP,I,IP,pyroclastic,,,,False,table 12
lithology,IU3,IU,IU3,"ilmenite, magnetite, ironstone, serpenti",,,,False,table 12
lithology,II,I,II,intermediate igneous,,,,False,table 12
lithology,M,,M,metamorphic rock,,,,False,table 12
lithology,MA1,MA,MA1,quartzit,,,,False,table 12
lithology,UM2,UM,UM2,clay and silt,,,,False,table 12
lithology,UC1,UC,UC1,slope deposits,,,,False,table 12
lithology,UU1,UU,UU1,clay,,,,False,table 12
lithology,IA1,IA,IA1,diorit,,,,False,table 12
lithology,UL1,UL,UL1,sand,,,,False,table 12
lithology,UU2,UU,UU2,loam and silt,,,,False,table 12
lithology,UA1,UA,UA1,redeposited natural material,,,,False,table 12
lithology,II1,II,II1,"andesite, trachyte, phonolit",,,,False,table 12
lithology,S,,S,sedimentary rock (consolidated),,,,False,table 12
lithology,SC3,SC,SC3,"silt-, mud-, claysto",,,,False,table 12
lithology,UM1,UM,UM1,sand,,,,False,table 12
lithology,MU,M,MU,ultrabasic metamorphic,,,,False,table 12
lithology,UC,U,UC,colluvial,,,,False,table 12
lithology,UM,U,UM,"marine, estuari",,,,False,table 12
lithology,MA4,MA,MA4,schist,,,,False,table 12
lithology,MB6,MB,MB6,clogit,,,,False,table 12
lithology,UE1,UE,UE1,loess,,,,False,table 12
lithology,MA3,MA,MA3,"slate, phyllite (pelitic rocks)",,,,False,table 12
lithology,SC5,SC,SC5,ironsto,,,,False,table 12
lithology,IU2,IU,IU2,pyroxenit,,,,False,table 12
lithology,IP1,IP,IP1,"tuff, tuffit",,,,False,table 12
lithology,UR,U,UR,weathered residuum,,,,False,table 12
lithology,SE1,SE,SE1,"anhydrite, gypsum",,,,False,table 12
lithology,IA3,IA,IA3,quartz-diorit,,,,False,table 12
lithology,MB3,MB,MB3,gneiss rich in Fe–Mg minerals,,,,False,table 12
lithology,SO2,SO,SO2,marl and other mixtures,,,,False,table 12
lithology,IB,I,IB,basic igneous,,,,False,table 12
lithology,UR1,UR,UR1,"bauxite, laterit",,,,False,table 12
lithology,UK2,UK,UK2,periglacial solifluction layer,,,,False,table 12
lithology,MU1,MU,MU1,"serpentinite, greensto",,,,False,table 12
lithology,MB2,MB,MB2,(green)schist,,,,False,table 12
lithology,UL,U,UL,lacustri,,,,False,table 12
lithology,SO3,SO,SO3,"coals, bitumen and related rocks",,,,False,table 12
lithology,IP4,IP,IP4,ignimbrit,,,,False,table 12
lithology,IA4,IA,IA4,rhyolit,,,,False,table 12
lithology,UK1,UK,UK1,periglacial rock debris,,,,False,table 12
lithology,I,,I,igneous rock,,,,False,table 12
lithology,SE2,SE,SE2,halit,,,,False,table 12
lithology,MA2,MA,MA2,"gneiss, migmatit",,,,False,table 12
lithology,UO2,UO,UO2,groundwater-fed bog peat,,,,False,table 12
lithology,IU1,IU,IU1,peridotit,,,,False,table 12
lithology,MB5,MB,MB5,amphibolit,,,,False,table 12
lithology,UU3,UU,UU3,sand,,,,False,table 12
lithology,SO,S,SO,"carbonatic, organic",,,,False,table 12
lithology,SO1,SO,SO1,"limestone, other carbonate rock",,,,False,table 12
lithology,U,,U,sedimentary rock (unconsolidated),,,,False,table 12
lithology,IA,I,IA,acid igneous,,,,False,table 12
lithology,UU,U,UU,unspecified deposits,,,,False,table 12
lithology,MB,M,MB,basic metamorphic,,,,False,table 12
lithology,UU5,UU,UU5,"gravel, broken rock",,,,False,table 12
lithology,MB1,MB,MB1,"slate, phyllite (pelitic rocks)",,,,False,table 12
lithology,UF2,UF,UF2,"clay, silt and loam",,,,False,table 12
lithology,IB1,IB,IB1,gabbro,,,,False,table 12
profileDescriptionStatus,2.1,2,2.1,Routine profile description - no sampling,If soil description is done without sampling.,,,False,table 1
profileDescriptionStatus,3,,3,Incomplete descriptio,"Certain relevant elements are missing from the description, an insufficient number of samples was collected, or the reliability of the analytical data does not permit a complete characterization of the soil. However, the description is useful for specific purposes and provides a satisfactory indication of the nature of the soil at high levels of soil taxonomic classification.",,,False,table 1
profileDescriptionStatus,4.1,4,4.1,Soil augering description - no sampling,If soil description is done without sampling.,,,False,table 1
profileDescriptionStatus,4,,4,Soil augering descriptio,"Soil augerings do no permit a comprehensive soil profile description. Augerings are made for routine soil observation and identification in soil mapping, and for that purpose normally provide a satisfactory indication of the soil characteristics. Soil samples may be collected from augerings.",,,False,table 1
profileDescriptionStatus,1.1,1,1.1,Reference profile description - no sampling,If soil description is done without sampling.,,,False,table 1
profileDescriptionStatus,5,,5,Other descriptions,"Essential elements are missing from the description, preventing a satisfactory soil characterization and classification.",,,False,table 1
profileDescriptionStatus,2,,2,Routine profile descriptio,"No essential elements are missing from the description, sampling or analysis. The number of samples collected is sufficient to characterize all major soil horizons, but may not allow precise definition of all subhorizons, especially in the deeper soil. The profile depth is 80 cm or more, or down to a C or R horizon or layer, which may be shallower. Additional augering and sampling may be required for lower level classification.",,,False,table 1
profileDescriptionStatus,1,,1,Reference profile descriptio,"No essential elements or details are missing from the description, sampling or analysis. The accuracy and reliability of the description and analytical results permit the full characterization of all soil horizons to a depth of 125 cm, or more if required for classification, or down to a C or R horizon or layer, which may be shallower.",,,False,table 1
profileDescriptionStatus,3.1,3,3.1,Incomplete description - no sampling,If soil description is done without sampling.,,,False,table 1
weathering,F,,F,Fresh or slightly weathered,Fragments show little or no signs of weathering.,,,False,table 29
weathering,W,,W,Weathered,Partial weathering is indicated by discoloration and loss of crystal form in the outer parts of the fragments while the centres remain relatively fresh and the fragments have lost little of their original strength.,,,False,table 29
weathering,S,,S,Strongly weathered,"All but the most resistant minerals are weathered, strongly discoloured and altered throughout the fragments, which tend to disintegrate under only moderate pressure.",,,False,table 29
mineralConcSize,F,,F,Fi,2mm–6mm,,,False,table 75.1
mineralConcSize,C,,C,Coars,> 20mm,,,False,table 75.1
mineralConcSize,V,,V,Very fi,< 2mm,,,False,table 75.1
mineralConcSize,M,,M,Medium,6mm–20mm,,,False,table 75.1
bulkDensityPeat,BD5,,BD5,> 0.17g cm-3,,,,False,table 59.3
bulkDensityPeat,BD4,,BD4,0.11–0.17g cm-3,,,,False,table 59.3
bulkDensityPeat,BD1,,BD1,< 0.04g cm-3,,,,False,table 59.3
bulkDensityPeat,BD3,,BD3,0.07–0.11g cm-3,,,,False,table 59.3
bulkDensityPeat,BD2,,BD2,0.04–0.07g cm-3,,,,False,table 59.3
fragments,FGT,,FGT,FragmentsGravimetricTotal,,,,True,
fragments,FV3,,FV3,FragmentsVolumetric03,,,,True,
fragments,FGF4,,FGF4,FragmentsGravimetricFraction04,,,,True,
fragments,FGF3,,FGF3,FragmentsGravimetricFraction03,,,,True,
fragments,FV2,,FV2,FragmentsVolumetric02,,,,True,
fragments,FVT,,FVT,FragmentsVolumetricTotal,,,,True,
fragments,FGF2,,FGF2,FragmentsGravimetricFraction02,,,,True,
fragments,FV1,,FV1,FragmentsVolumetric01,,,,True,
fragments,FVE,,FVE,FragmentsVolumetricEstimat,,,,True,
fragments,FGF1,,FGF1,FragmentsGravimetricFraction01,,,,True,
rockSize,A,,A,Artefacts,(mm),,,False,table 27
rockSize,RF,R,RF,Fine gravel,2mm–6mm,,,False,table 27
rockSize,CS,C,CS,Coarse gravel and stones,,,,False,table 27
rockSize,RS,R,RS,Stones,60mm–200mm,,,False,table 27
rockSize,BL,C,BL,Boulders and large boulders,,,,False,table 27
rockSize,AV,A,AV,Very fine artefacts,< 2mm,,,False,table 27
rockSize,C,,C,Combination of classes,,,,False,table 27
rockSize,AF,A,AF,Fine artefacts,2mm–6mm,,,False,table 27
rockSize,FM,C,FM,Fine and medium gravel/artefacts,,,,False,table 27
rockSize,RB,R,RB,Boulders,60mm–200mm,,,False,table 27
rockSize,RM,R,RM,Medium gravel,6mm–20mm,,,False,table 27
rockSize,SB,C,SB,Stones and boulders,,,,False,table 27
rockSize,MC,C,MC,Medium and coarse gravel/artefacts,,,,False,table 27
rockSize,RL,R,RL,Large boulders,> 600mm,,,False,table 27
rockSize,AC,A,AC,Coarse artefacts,> 20mm,,,False,table 27
rockSize,R,,R,Rock fragments,(mm),,,False,table 27
rockSize,AM,A,AM,Medium artefacts,6mm–20mm,,,False,table 27
rockSize,RC,R,RC,Coarse gravel,20mm–60mm,,,False,table 27
sand,SSF8,,SSF8,SandSizeFraction08,,,,True,
sand,SSF7,,SSF7,SandSizeFraction07,,,,True,
sand,SSF1,,SSF1,SandSizeFraction01,,,,True,
sand,SSF10,,SSF10,SandSizeFraction10,,,,True,
sand,SWD3,,SWD3,SandWaterDispersible03,,,,True,
sand,SWDT,,SWDT,SandWaterDispersibleTotal,,,,True,
sand,SSF2,,SSF2,SandSizeFraction02,,,,True,
sand,SSF4,,SSF4,SandSizeFraction04,,,,True,
sand,SWD2,,SWD2,SandWaterDispersible02,,,,True,
sand,SSF5,,SSF5,SandSizeFraction05,,,,True,
sand,SSF6,,SSF6,SandSizeFraction06,,,,True,
sand,SWD5,,SWD5,SandWaterDispersible05,,,,True,
sand,SSFT,,SSFT,SandSizeFractionTotal,,,,True,
sand,SWD1,,SWD1,SandWaterDispersible01,,,,True,
sand,SSF9,,SSF9,SandSizeFraction09,,,,True,
sand,SSF3,,SSF3,SandSizeFraction03,,,,True,
sand,SWD4,,SWD4,SandWaterDispersible04,,,,True,
clay,CSF2,,CSF2,ClaySizeFraction02,,,,True,
clay,CNC,,CNC,ClayNonCarbonat,,,,True,
clay,CWT,,CWT,ClayWaterDispersibl,,,,True,
clay,CSF1,,CSF1,ClaySizeFraction01,,,,True,
clay,CC,,CC,ClayCarbonat,,,,True,
clay,CT,,CT,ClayTotal,,,,True,
carbonatesForms,HHC,,HHC,hard hollow concretions,,,,False,table 39
carbonatesForms,M,,M,marl layer,,,,False,table 39
carbonatesForms,HC,,HC,hard concretions,,,,False,table 39
carbonatesForms,HL,,HL,hard cemented layer or layers of carbonates (less than 10 cm thick),,,,False,table 39
carbonatesForms,SC,,SC,soft concretions,,,,False,table 39
carbonatesForms,D,,D,disperse powdery lim,,,,False,table 39
carbonatesForms,PM,,PM,"pseudomycelia* (carbonate infillings in pores, resembling mycelia)",,,,False,table 39
fragmentCover,F,,F,Few,2%–5%,,,False,table 15.1
fragmentCover,C,,C,Commo,5%–15%,,,False,table 15.1
fragmentCover,V,,V,Very few,0%–2%,,,False,table 15.1
fragmentCover,N,,N,No,0%,,,False,table 15.1
fragmentCover,D,,D,Dominant,> 80%,,,False,table 15.1
fragmentCover,M,,M,Many,15%–40%,,,False,table 15.1
fragmentCover,A,,A,Abundant,40%–80%,,,False,table 15.1
landUseClass,PN3,PN,PN3,Wildlife management,,,,False,table 8
landUseClass,AP2,AP,AP2,Irrigated cultivatio,,,,False,table 8
landUseClass,AT,A,AT,Tree and shrub cropping,,,,False,table 8
landUseClass,AA,A,AA,Annual field cropping,,,,False,table 8
landUseClass,SD,S,SD,Disposal sites,,,,False,table 8
landUseClass,PN2,PN,PN2,Parks,,,,False,table 8
landUseClass,AA2,AA,AA2,Fallow system cultivatio,,,,False,table 8
landUseClass,HI2,HI,HI2,Dairying,,,,False,table 8
landUseClass,AA3,AA,AA3,Ley system cultivatio,,,,False,table 8
landUseClass,H,,H,H = Animal husbandry,,,,False,table 8
landUseClass,FN1,FN,FN1,Selective felling,,,,False,table 8
landUseClass,HE3,HE,HE3,Ranching,,,,False,table 8
landUseClass,AT4,AT,AT4,Irrigated shrub crop cultivatio,,,,False,table 8
landUseClass,U,,U,Not used and not managed,,,,False,table 8
landUseClass,HE,H,HE,Extensive grazing,,,,False,table 8
landUseClass,AT3,AT,AT3,Non-irrigated shrub crop cultivatio,,,,False,table 8
landUseClass,M,,M,M = Mixed farming,,,,False,table 8
landUseClass,FN,F,FN,Natural forest and woodland,,,,False,table 8
landUseClass,HI1,HI,HI1,Animal productio,,,,False,table 8
landUseClass,PN,P,PN,Nature and game preservatio,,,,False,table 8
landUseClass,HI,H,HI,Intensive grazing,,,,False,table 8
landUseClass,S,,S,"S = Settlement, industry",,,,False,table 8
landUseClass,PD1,PD,PD1,Without interferenc,,,,False,table 8
landUseClass,SC,S,SC,Recreational us,,,,False,table 8
landUseClass,Oi,,Oi,Other land uses,,,,False,table 8
landUseClass,HE2,HE,HE2,Semi-nomadism,,,,False,table 8
landUseClass,ST,S,ST,Transport,,,,False,table 8
landUseClass,SR,S,SR,Residential us,,,,False,table 8
landUseClass,AP,A,AP,Perennial field cropping,,,,False,table 8
landUseClass,Y,,Y,Military area,,,,False,table 8
landUseClass,MP,M,MP,Agropastoralism,,,,False,table 8
landUseClass,AT1,AT,AT1,Non-irrigated tree crop cultivatio,,,,False,table 8
landUseClass,PD,P,PD,Degradation control,,,,False,table 8
landUseClass,AA6,AA,AA6,Irrigated cultivatio,,,,False,table 8
landUseClass,P,,P,P = Nature protectio,,,,False,table 8
landUseClass,MF,M,MF,Agroforestry,,,,False,table 8
landUseClass,PN1,PN,PN1,Reserves,,,,False,table 8
landUseClass,AA1,AA,AA1,Shifting cultivatio,,,,False,table 8
landUseClass,AA5,AA,AA5,Wet rice cultivatio,,,,False,table 8
landUseClass,F,,F,F = Forestry,,,,False,table 8
landUseClass,FN2,FN,FN2,Clear felling,,,,False,table 8
landUseClass,SX,S,SX,Excavations,,,,False,table 8
landUseClass,AA4,AA,AA4,Rainfed arable cultivatio,,,,False,table 8
landUseClass,HE1,HE,HE1,Nomadism,,,,False,table 8
landUseClass,SI,S,SI,Industrial us,,,,False,table 8
landUseClass,FP,F,FP,Plantation forestry,,,,False,table 8
landUseClass,PD2,PD,PD2,With interferenc,,,,False,table 8
landUseClass,AP1,AP,AP1,Non-irrigated cultivatio,,,,False,table 8
landUseClass,A,,A,A = Crop agriculture (cropping),,,,False,table 8
landUseClass,AT2,AT,AT2,Irrigated tree crop cultivatio,,,,False,table 8
consistenceMoist,FI,,FI,Firm,"Soil material crushes under moderate pressure between thumb and forefinger, but resistance is distinctly noticeable.",,,False,table 54
consistenceMoist,VFI,,VFI,Very firm,Soil material crushes under strong pressures; barely crushable between thumb and forefinger.,,,False,table 54
consistenceMoist,EFI,,EFI,Extremely firm,Soil material crushes only under very strong pressure; cannot be crushed between thumb and forefinger.,,,False,table 54
consistenceMoist,FR,,FR,Friabl,"Soil material crushes easily under gentle to moderate pressure between thumb and forefinger, and coheres when pressed together.",,,False,table 54
consistenceMoist,VFR,,VFR,Very friabl,"Soil material crushes under very gentle pressure, but coheres when pressed together.",,,False,table 54
consistenceMoist,LO,,LO,Loos,Non-coherent.,,,False,table 54
rockOutcropsCover,M,,M,Many,15–40 4 2–5,,,False,"table 14,1"
rockOutcropsCover,A,,M,Abundant,40–80 5 < 2,,,False,"table 14,1"
rockOutcropsCover,F,,F,Few,2–5 2 20–50,,,False,"table 14,1"
rockOutcropsCover,V,,V,Very few,0–2 1 > 50,,,False,"table 14,1"
rockOutcropsCover,D,,D,Dominant,> 80,,,False,"table 14,1"
rockOutcropsCover,N,,N,No,,,,False,"table 14,1"
rockOutcropsCover,C,,C,Commo,5–15 3 5–20,,,False,"table 14,1"
floodFrequency,,,,,,,,,
bulkDensityMineral,BD2,,BD2,Sample disintegrates into numerous fragments after application of weak pressure.,"Loamy soils with high clay content, clayey soils. When dropped, sample disintegrates into few fragments, further disintegration of subfragments after application of mild pressure.",,,False,table 58
bulkDensityMineral,BD5,,BD5,"Very large pressure necessary to force knife into the soil, no further disintegration of sample.","Loamy soils with high clay content, clayey soils. Sample remains intact when dropped, no further disintegration after application of very large pressure.",,,False,table 58
bulkDensityMineral,BD3,,BD3,"Knife can be pushed into the moist soil with weak pressure, sample disintegrates into few fragments, which may be further divided.","Loamy soils with high clay content, clayey soils. Sample remains mostly intact when dropped, further disintegration possible after application of large pressure.",,,False,table 58
bulkDensityMineral,BD4,,BD4,"Knife penetrates only 1–2 cm into the moist soil, some effort required, sample disintegrates into few fragments, which cannot be subdivided further.","Loamy soils with high clay content, clayey soils. Sample remains intact when dropped, no further disintegration after application of very large pressure.",,,False,table 58
bulkDensityMineral,BD1,,BD1,"Many pores, moist materials drop easily out of the auger.","materials with vesicular pores, mineral soils with andic properties. Sample disintegrates at the instant of sampling, many pores visible onthe pit wall. Sample disintegrates at the instant of sampling, many pores visible on the pit wall. Loamy soils with high clay content, clayey soils When dropped, sample disintegrates into numerous fragments, further disintegration of subfragments after application of weak pressure.",,,False,table 58
slopePathways,SS,,SS,SS,,,,False,Figure 3
slopePathways,SC,,SC,SC,,,,False,Figure 3
slopePathways,VS,,VS,VS,,,,False,Figure 3
slopePathways,CS,,CS,CS,,,,False,Figure 3
slopePathways,VV,,VV,VV,,,,False,Figure 3
slopePathways,VC,,VC,VC,,,,False,Figure 3
slopePathways,CV,,CV,CV,,,,False,Figure 3
slopePathways,CC,,CC,CC,,,,False,Figure 3
slopePathways,SV,,SV,SV,,,,False,Figure 3
poresAbundance,N,,N,No,< 2 mm (number)0;> 2 mm (number)0,,,False,table 63
poresAbundance,M,,M,Many,< 2 mm (number)> 200 ;> 2 mm (number)> 20,,,False,table 63
poresAbundance,V,,V,Very few,< 2 mm (number)1–20 ;> 2 mm (number)1–2,,,False,table 63
poresAbundance,F,,F,Few,< 2 mm (number)20–50;> 2 mm (number) 2–5,,,False,table 63
poresAbundance,C,,C,Commo,< 2 mm (number)50–200 ;> 2 mm (number)5–20,,,False,table 63
sealingThickness,M,,M,Medium,2mm–5mm,,,False,table 20.1
sealingThickness,C,,C,Thick,5mm–20mm,,,False,table 20.1
sealingThickness,V,,V,Very thick,> 20mm,,,False,table 20.1
sealingThickness,N,,N,No,,,,False,table 20.1
sealingThickness,F,,F,Thi,< 2mm,,,False,table 20.1
coatingNature,ST,,ST,Silt coatings,,,,False,table 66
coatingNature,PF,,PF,Pressure faces,,,,False,table 66
coatingNature,SL,,SL,Silica (opal),,,,False,table 66
coatingNature,S,,S,Sesquioxides,,,,False,table 66
coatingNature,SN,,SN,"Slickensides, non intersecting",,,,False,table 66
coatingNature,SI,,SI,"Slickensides, predominantly intersecting (Slickensides are polished and grooved ped surfaces that are produced by aggregates sliding one past another.)",,,,False,table 66
coatingNature,SF,,SF,Shiny faces (as in nitic horizon),,,,False,table 66
coatingNature,SA,,SA,Sand coatings,,,,False,table 66
coatingNature,H,,H,Humus,,,,False,table 66
coatingNature,GB,,GB,Gibbsit,,,,False,table 66
coatingNature,CH,,CH,Clay and humus (organic matter),,,,False,table 66
coatingNature,MN,,MN,Manganes,,,,False,table 66
coatingNature,SP,,SP,"Slickensides, partly intersecting",,,,False,table 66
coatingNature,JA,,JA,Jarosit,,,,False,table 66
coatingNature,CC,,CC,Calcium carbonat,,,,False,table 66
coatingNature,CS,,CS,Clay and sesquioxides,,,,False,table 66
coatingNature,C,,C,Clay,,,,False,table 66
coatingNature,HC,,HC,"Hypodermic coatings (Hypodermic coatings, as used here, are field-scale features, commonly only expressed as hydromorphic features. Micromorphological hypodermic coatings include non-redox features [Bullock et al., 1985].)",,,,False,table 66
coatingAbundance,V,,V,Very few,0–2,,,False,table 64
coatingAbundance,F,,F,Few,2–5,,,False,table 64
coatingAbundance,D,,D,Dominant,> 80,,,False,table 64
coatingAbundance,C,,C,Commo,5–15,,,False,table 64
coatingAbundance,N,,N,No,0,,,False,table 64
coatingAbundance,M,,M,Many,15–40,,,False,table 64
coatingAbundance,A,,A,Abundant,40–80,,,False,table 64
physioChemical,Nittot,,Nittot,Nitrogen (N) - total,,,,True,
physioChemical,Carorg,,Carorg,Carbon (C) - organic,,,,True,
physioChemical,Avavol,,Avavol,Available water capacity - volumetric (FC to WP),,,,True,
physioChemical,Sodsol,,Sodsol,Sodium (Na+) - solubl,,,,True,
physioChemical,Pottot,,Pottot,Potassium (K) - total,,,,True,
physioChemical,Irooxa,,Irooxa,Iron (Fe) - oxalate extractabl,,,,True,
physioChemical,Bro,,Bro,Bromite (Br-) - extractabl,,,,True,
physioChemical,Alu,,Alu,Aluminium (Al) + 0.5 Fe oxalat,,,,True,
physioChemical,pH,,pH,pH - Hydrogen potential,,,,True,
physioChemical,Calfra,,Calfra,Calcium carbonate equivalent - fractio,,,,True,
physioChemical,Ccetot,,Ccetot,Calcium carbonate equivalent - total,,,,True,
physioChemical,Calsol,,Calsol,Calcium (Ca++) - solubl,,,,True,
physioChemical,Carpyr,,Carpyr,Carbon (C) - pyrophosphate extractabl,,,,True,
physioChemical,Sodexc,,Sodexc,Sodium (Na+) - exchangeabl,,,,True,
physioChemical,Aciexc,,Aciexc,Acidity - exchangeabl,,,,True,
physioChemical,Aludit,,Aludit,Aluminium (Al) - dithionite extractabl,,,,True,
physioChemical,Textclay,,Textclay,Clay texture fractio,,,,True,
physioChemical,CaN,,CaN,Carbon/Nitrogen (C/N) ratio,,,,True,
physioChemical,Magtot,,Magtot,Magnesium (Mg) - total,,,,True,
physioChemical,Car,,Car,Carbonate (CO3--) - solubl,,,,True,
physioChemical,Hyd,,Hyd,Hydrocarbonate (HCO3-) - solubl,,,,True,
physioChemical,Bassum,,Bassum,Base saturation - sum of cations,,,,True,
physioChemical,Manoxa,,Manoxa,Manganese (Mn) - oxalate extractabl,,,,True,
physioChemical,Calext,,Calext,Calcium (Ca++) - extractabl,,,,True,
physioChemical,Coptot,,Coptot,Copper (Cu) - total,,,,True,
physioChemical,Manext,,Manext,Manganese (Mn) - extractabl,,,,True,
physioChemical,Bortot,,Bortot,Boron (B) - total,,,,True,
physioChemical,Sul,,Sul,Sulfate (SO4--) - solubl,,,,True,
physioChemical,Potexc,,Potexc,Potassium (K+) - exchangeabl,,,,True,
physioChemical,Caltot,,Caltot,Calcium (Ca++) - total,,,,True,
physioChemical,Iropyr,,Iropyr,Iron (Fe) - pyrophosphate extractabl,,,,True,
physioChemical,Aciext,,Aciext,Acidity - extractabl,,,,True,
physioChemical,Phoret,,Phoret,Phosphorus (P) - retentio,,,,True,
physioChemical,Textsand,,Textsand,Sand texture fractio,,,,True,
physioChemical,Mantot,,Mantot,Manganese (Mn) - total,,,,True,
physioChemical,Cartoh,,Cartoh,Carbon - total humic,,,,True,
physioChemical,Aluexc,,Aluexc,Aluminium (Al+++) - exchangeabl,,,,True,
physioChemical,Phooxa,,Phooxa,Phosphorus (P) - oxalate extractabl,,,,True,
physioChemical,Phoext,,Phoext,Phosphorus (P) - extractabl,,,,True,
physioChemical,Sodext,,Sodext,Sodium (Na) - extractabl,,,,True,
physioChemical,Textsilt,,Textsilt,Silt texture fractio,,,,True,
physioChemical,Seltot,,Seltot,Selenium (Se) - total,,,,True,
physioChemical,Magexc,,Magexc,Magnesium (Mg++) - exchangeabl,,,,True,
physioChemical,Magsol,,Magsol,Magnesium (Mg++) - solubl,,,,True,
physioChemical,Irotot,,Irotot,Iron (Fe) - total,,,,True,
physioChemical,Magext,,Magext,Magnesium (Mg) - extractabl,,,,True,
physioChemical,Hydexc,,Hydexc,Hydrogen (H+) - exchangeabl,,,,True,
physioChemical,Potext,,Potext,Potassium (K) - extractabl,,,,True,
physioChemical,Iroext,,Iroext,Iron (Fe) - extractabl,,,,True,
physioChemical,Alupyr,,Alupyr,Aluminium (Al) - pyrophosphate extractabl,,,,True,
physioChemical,Irodit,,Irodit,Iron (Fe) - dithionite extractabl,,,,True,
physioChemical,Photot,,Photot,Phosphorus (P) - total,,,,True,
physioChemical,Siloxa,,Siloxa,Silicon (Si) - oxalate extractabl,,,,True,
physioChemical,Selext,,Selext,Selenium (Se) - extractabl,,,,True,
physioChemical,Nit2,,Nit2,Nitrite (NO2-) - solubl,,,,True,
physioChemical,Cartot,,Cartot,Carbon (C) - total,,,,True,
physioChemical,Alusat,,Alusat,Aluminium (Al+++) - saturation  (ESP),,,,True,
physioChemical,Potsol,,Potsol,Potassium (K+) - solubl,,,,True,
physioChemical,Nit3,,Nit3,Nitrate (NO3-) - solubl,,,,True,
physioChemical,Calexc,,Calexc,Calcium (Ca++) - exchangeabl,,,,True,
physioChemical,Aluoxa,,Aluoxa,Aluminium (Al) - oxalate extractabl,,,,True,
physioChemical,Bascal,,Bascal,Base saturation - calculated,,,,True,
physioChemical,Sulext,,Sulext,Sulfur (S) - extractabl,,,,True,
physioChemical,Sultot,,Sultot,Sulfur (S) - total,,,,True,
physioChemical,Sodtot,,Sodtot,Sodium (Na) - total,,,,True,
physioChemical,Manpyr,,Manpyr,Manganese (Mn) - pyrophosphate extractabl,,,,True,
physioChemical,ManKCl,,ManKCl,Manganese (Mn) - KCl extractabl,,,,True,
physioChemical,Sodexp,,Sodexp,Sodium (Na+) - exchangeable %,,,,True,
physioChemical,Pho,,Pho,Phosphate (PO4--) - solubl,,,,True,
physioChemical,Copext,,Copext,Copper (Cu) - extractabl,,,,True,
physioChemical,Carful,,Carful,Carbon - fulvic acid,,,,True,
physioChemical,Borext,,Borext,Boron (B) - extractabl,,,,True,
physioChemical,Zinext,,Zinext,Zinc (Zn) - extractabl,,,,True,
physioChemical,Zin,,Zin,Zinc (Zn),,,,True,
physioChemical,Carhum,,Carhum,Carbon - humic acid,,,,True,
physioChemical,Mandit,,Mandit,Manganese (Mn) - dithionite extractabl,,,,True,
physioChemical,Basexc,,Basexc,Bases - exchangeabl,,,,True,
physioChemical,Chl,,Chl,Chloride (Cl-) - solubl,,,,True,
physiography,BOdl,,BOdl,Bottom (drainage line),Position in flat or almost flat terrain: Bottom (drainage line),,,False,Figure 2 (including Figure 2.1 and Figure 2.2)
physiography,MS,,MS,Middle slope (back slope),Position in undulating to mountainous terrain: Middle slope (back slope),,,False,Figure 2 (including Figure 2.1 and Figure 2.2)
physiography,IN,,IN,Intermediate part (talf),Position in flat or almost flat terrain: Intermediate part (talf),,,False,Figure 2 (including Figure 2.1 and Figure 2.2)
physiography,LO,,LO,Lower part (and dip),Position in flat or almost flat terrain: Lower part (and dip),,,False,Figure 2 (including Figure 2.1 and Figure 2.2)
physiography,UP,,UP,Upper slope (shoulder),Position in undulating to mountainous terrain: Upper slope (shoulder),,,False,Figure 2 (including Figure 2.1 and Figure 2.2)
physiography,BOf,,BOf,Bottom (flat),Position in undulating to mountainous terrain: Bottom (flat),,,False,Figure 2 (including Figure 2.1 and Figure 2.2)
physiography,LS,,LS,Lower slope (foot slope),Position in undulating to mountainous terrain: Lower slope (foot slope),,,False,Figure 2 (including Figure 2.1 and Figure 2.2)
physiography,HI,,HI,Higher part (rise),Position in flat or almost flat terrain: Higher part (rise),,,False,Figure 2 (including Figure 2.1 and Figure 2.2)
physiography,CR,,CR,Crest (summit),Position in undulating to mountainous terrain: Crest (summit),,,False,Figure 2 (including Figure 2.1 and Figure 2.2)
physiography,TS,,TS,Toe slop,Position in undulating to mountainous terrain: Toe slope,,,False,Figure 2 (including Figure 2.1 and Figure 2.2)
mineralConcShape,F,,F,Flat,,,,False,table 82
mineralConcShape,A,,A,Angular,,,,False,table 82
mineralConcShape,R,,R,Rounded (spherical),,,,False,table 82
mineralConcShape,I,,I,Irregular,,,,False,table 82
mineralConcShape,E,,E,Elongated,,,,False,table 82
saltContent,SL,,SL,Slightly salty,0.75–2,,,False,table 42
saltContent,VST,,VST,Very strongly salty,8–15,,,False,table 42
saltContent,ST,,ST,Strongly salty,4–8,,,False,table 42
saltContent,MO,,MO,Moderately salty,2–4,,,False,table 42
saltContent,EX,,EX,Extremely salty,> 15,,,False,table 42
saltContent,N,,N,(nearly)Not salty,< 0.75,,,False,table 42
cracksWidth,M,,M,Medium 1cm–2cm,,,,False,table 21.1
cracksWidth,E,,E,Extremely wide > 10cm,,,,False,table 21.1
cracksWidth,V,,V,Very wide 5cm–10cm,,,,False,table 21.1
cracksWidth,F,,F,Fine < 1cm,,,,False,table 21.1
cracksWidth,W,,W,Wide 2cm–5cm,,,,False,table 21.1
mineralConcHardness,B,,B,Both hard and soft.,,,,False,table 76
mineralConcHardness,H,,H,Hard,Cannot be broken in the fingers.,,,False,table 76
mineralConcHardness,S,,S,Soft,Can be broken between forefinger and thumb nail,,,False,table 76
contrast,D,,D,Distinct,"Although not striking, the mottles are readily seen. The hue, chroma and value of the matrix are easily distinguished from those of the mottles. They may vary by as much as 2.5 units of hue or several units in chroma or value.",,,False,table 34
contrast,P,,P,Prominent,"The mottles are conspicuous and mottling is one of the outstanding features of the horizon. Hue, chroma and value alone or in combination are at least several units apart.",,,False,table 34
contrast,F,,F,Faint,"The mottles are evident only on close examination. Soil colours in both the matrix and mottles have closely related hues, chromas and values.",,,False,table 34
plasticity,PL,,PL,Plastic,Wire formable but breaks if bent into a ring; slight to moderate force required for deformation of the soil mass.,,,False,table 56
plasticity,PVP,,PVP,plastic to very plastic,,,,False,table 56
plasticity,VPL,,VPL,Very plastic,Wire formable and can be bent into a ring; moderately strong to very strong force required for deformation of the soil mass.,,,False,table 56
plasticity,SPP,,SPP,slightly plastic to plastic,,,,False,table 56
plasticity,SPL,,SPL,Slightly plastic,Wire formable but breaks immediately if bent into a ring; soil mass deformed by very slight force.,,,False,table 56
plasticity,NPL,,NPL,Non-plastic,No wire is formable.,,,False,table 56
biologicalFeatures,T,,T,Termite or ant channels and nests,,,,False,table 82
biologicalFeatures,C,,C,Charcoal,,,,False,table 82
biologicalFeatures,BO,,BO,Open large burrows,,,,False,table 82
biologicalFeatures,I,,I,Other insect activity,,,,False,table 82
biologicalFeatures,B,,B,Burrows (unspecified),,,,False,table 82
biologicalFeatures,A,,A,Artefacts,,,,False,table 82
biologicalFeatures,E,,E,Earthworm channels,,,,False,table 82
biologicalFeatures,BI,,BI,Infilled large burrows,,,,False,table 82
biologicalFeatures,P,,P,Pedotubules,,,,False,table 82
stickiness,ST,,ST,Sticky,"After pressure, soil material adheres to both thumb and finger and tends to stretch somewhat and pull apart rather than pulling free from either digit.",,,False,table 55
stickiness,NST,,NST,Non-sticky,"After release of pressure, practically no soil material adheres to thumb and finger.",,,False,table 55
stickiness,SSS,,SSS,slightly sticky to sticky,,,,False,table 55
stickiness,SST,,SST,Slightly sticky,"After pressure, soil material adheres to both thumb and finger but comes off one or the other rather cleanly. It is not appreciably stretched when the digits are separated.",,,False,table 55
stickiness,VST,,VST,Very sticky,"After pressure, soil material adheres strongly to both thumb and finger and is decidedly stretched when they are separated.",,,False,table 55
stickiness,SVS,,SVS,sticky to very sticky,,,,False,table 55
voidsDiameter,FM,,FM,fine and medium,,,,False,table 62
voidsDiameter,F,,F,Fi,0.5–2,,,False,table 62
voidsDiameter,C,,C,Coars,5–20,,,False,table 62
voidsDiameter,V,,V,Very fi,< 0.5,,,False,table 62
voidsDiameter,VC,,VC,Very coars,20–50,,,False,table 62
voidsDiameter,M,,M,Medium,2–5,,,False,table 62
voidsDiameter,MC,,MC,medium and coars,,,,False,table 62
voidsDiameter,FF,,FF,fine and very fi,,,,False,table 62
coatingForm,C,,C,Continuous,,,,False,table 67
coatingForm,DI,,DI,Discontinuous irregular,,,,False,table 67
coatingForm,DC,,DC,Discontinuous circular,,,,False,table 67
coatingForm,DE,,DE,Dendroidal,,,,False,table 67
coatingForm,O,,O,Other,,,,False,table 67
coatingForm,CI,,CI,"Continuous irregular (non-uniform, heterogeneous)",,,,False,table 67
cementationFabric,D,,D,Nodular,The layer is largely constructed from cemented nodules or concretions of irregular shape.,,,False,table 70
cementationFabric,Pi,,Pi,Pisolithic,The layer is largely constructed from cemented spherical nodules.,,,False,table 70
cementationFabric,V,,V,Vesicular,"The layer has large, equidimensional voids that may be filled with uncemented material.",,,False,table 70
cementationFabric,Pl,,Pl,Platy,The compacted or cemented parts are platelike and have a horizontal or subhorizontal orientation.,,,False,table 70
waterRetention,WRV6,,WRV6,WaterRetentionVolumetric6kPa,,,,True,
waterRetention,WRG100,,WRG100,WaterRetentionGravimetric100kPa,,,,True,
waterRetention,WRV10,,WRV10,WaterRetentionVolumetric10kPa,,,,True,
waterRetention,WRG33,,WRG33,WaterRetentionGravimetric33kPa,,,,True,
waterRetention,WRV,,WRV,WaterRetentionVolumetric,,,,True,
waterRetention,WRV1500,,WRV1500,WaterRetentionVolumetric1500kPa,,,,True,
waterRetention,WRG1500,,WRG1500,WaterRetentionGravimetric1500kPa,,,,True,
waterRetention,WRV500,,WRV500,WaterRetentionVolumetric500kPa,,,,True,
waterRetention,WRV200,,WRV200,WaterRetentionVolumetric200kPa,,,,True,
waterRetention,WRG500,,WRG500,WaterRetentionGravimetric500kPa,,,,True,
waterRetention,WRG,,WRG,WaterRetentionGravimetric,,,,True,
waterRetention,WRV33,,WRV33,WaterRetentionVolumetric33kPa,,,,True,
waterRetention,WRG200,,WRG200,WaterRetentionGravimetric200kPa,,,,True,
waterRetention,WRG6,,WRG6,WaterRetentionGravimetric6kPa,,,,True,
waterRetention,WRG10,,WRG10,WaterRetentionGravimetric10kPa,,,,True,
waterRetention,WRV100,,WRV100,WaterRetentionVolumetric100kPa,,,,True,
humanInfluenceClass,MR,,MR,Raised beds (agricultural purposes),,,,False,table 10
humanInfluenceClass,VU,,VU,Vegetation disturbed (not specified),,,,False,table 10
humanInfluenceClass,PL,,PL,Ploughing,,,,False,table 10
humanInfluenceClass,PO,,PO,Pollutio,,,,False,table 10
humanInfluenceClass,CR,,CR,Impact crater,,,,False,table 10
humanInfluenceClass,VM,,VM,Vegetation moderately disturbed,,,,False,table 10
humanInfluenceClass,VE,,VE,Vegetation strongly disturbed,,,,False,table 10
humanInfluenceClass,N,,N,No influenc,,,,False,table 10
humanInfluenceClass,LV,,LV,Levelling,,,,False,table 10
humanInfluenceClass,MS,,MS,Sand additions,,,,False,table 10
humanInfluenceClass,MP,,MP,Plagg,,,,False,table 10
humanInfluenceClass,DU,,DU,Dump (not specified),,,,False,table 10
humanInfluenceClass,IU,,IU,Irrigation (not specified),,,,False,table 10
humanInfluenceClass,MU,,MU,Mineral additions (not specified),,,,False,table 10
humanInfluenceClass,BP,,BP,Borrow pit,,,,False,table 10
humanInfluenceClass,CL,,CL,Clearing,,,,False,table 10
humanInfluenceClass,NK,,NK,Not know,,,,False,table 10
humanInfluenceClass,SA,,SA,Scalped area,,,,False,table 10
humanInfluenceClass,AC,,AC,"Archaeological (burial mound, midden)",,,,False,table 10
humanInfluenceClass,MO,,MO,Organic additions (not specified),,,,False,table 10
humanInfluenceClass,VS,,VS,Vegetation slightly disturbed,,,,False,table 10
humanInfluenceClass,ME,,ME,Raised beds (engineering purposes),,,,False,table 10
humanInfluenceClass,FE,,FE,Application of fertilizers,,,,False,table 10
humanInfluenceClass,IF,,IF,Furrow irrigatio,,,,False,table 10
humanInfluenceClass,MI,,MI,"Mine (surface, including openpit, gravel and quarries)",,,,False,table 10
humanInfluenceClass,BU,,BU,Bunding,,,,False,table 10
humanInfluenceClass,SC,,SC,Surface compactio,,,,False,table 10
humanInfluenceClass,TE,,TE,Terracing,,,,False,table 10
humanInfluenceClass,IP,,IP,Flood irrigatio,,,,False,table 10
humanInfluenceClass,IS,,IS,Sprinkler irrigatio,,,,False,table 10
humanInfluenceClass,BR,,BR,Burning,,,,False,table 10
humanInfluenceClass,AD,,AD,Artificial drainag,,,,False,table 10
humanInfluenceClass,LF,,LF,Landfill (also sanitary),,,,False,table 10
humanInfluenceClass,IB,,IB,Border irrigatio,,,,False,table 10
humanInfluenceClass,ID,,ID,Drip irrigatio,,,,False,table 10
erosionActivityPeriod,H,,H,Active in historical times,,,,False,table 19
erosionActivityPeriod,X,,X,Accelerated and natural erosion not distinguished,,,,False,table 19
erosionActivityPeriod,N,,N,Period of activity not know,,,,False,table 19
erosionActivityPeriod,A,,A,Active at present,,,,False,table 19
erosionActivityPeriod,R,,R,Active in recent past,Active in recent past (previous 50–100 years),,,False,table 19
cracksDepth,S,,S,Surface < 2,,,,False,table 21.2
cracksDepth,M,,M,Medium 2–10,,,,False,table 21.2
cracksDepth,D,,D,Deep 10–20,,,,False,table 21.2
cracksDepth,V,,V,Very deep > 20,,,,False,table 21.2
surfaceAge,oPp,,oPp,"Older Pleistocene, with periglacial influenc","Older Pleistocene, with periglacial influence, commonly the recent soil formation on younger over older, preweathered materials.",,,False,table 13
surfaceAge,vYa,,vYa,Very young anthropogeomorphic,"Very young (1–10 years) anthropogeomorphic: with complete disturbance of natural surfaces (and soils) such as in urban, industrial and mining areas with very early soil development from fresh natural or technogenic or mixed materials.",,,False,table 13
surfaceAge,vYn,,vYn,Very young natural,"Very young (1–10 years) natural: with loss by erosion or deposition of materials such as on tidal flats, of coastal dunes, in river valleys, landslides or desert areas.",,,False,table 13
surfaceAge,Hn,,Hn,Holocene natural,"Holocene (100–10 000 years) natural: with loss by erosion or deposition of materials such as on tidal flats, of coastal dunes, in river valleys, landslides or desert areas.",,,False,table 13
surfaceAge,Ya,,Ya,Young anthropogeomorphic,"Young (10–100 years) anthropogeomorphic: with complete disturbance of any natural surfaces (and soils) such as in urban, industrial and mining areas with early soil development from fresh natural, technogenic or a mixture of materials, or restriction of flooding by dykes.",,,False,table 13
surfaceAge,Yn,,Yn,Young natural,"Young (10–100 years) natural: with loss by erosion or deposition of materials such as on tidal flats, of coastal dunes, river valleys, landslides or desert areas.",,,False,table 13
surfaceAge,Ha,,Ha,Holocene anthropogeomorphic,"Holocene (100–10 000 years) anthropogeomorphic: human-made relief modifications, such as terracing of forming hills or walls by early civilizations or during the Middle Ages or earlier, restriction of flooding by dykes, or surface raising.",,,False,table 13
surfaceAge,oPi,,oPi,"Older Pleistocene, ice covered","Older Pleistocene, ice covered, commonly the recent soil formation on younger over older, preweathered materials.",,,False,table 13
surfaceAge,lPp,,lPp,"Late Pleistocene, periglacial","Late Pleistocene, periglacial, commonly recent soil formation on preweathered materials.",,,False,table 13
surfaceAge,oPf,,oPf,"Older Pleistocene, without periglacial influence.","Older Pleistocene, without periglacial influence.",,,False,table 13
surfaceAge,lPi,,lPi,"Late Pleistocene, ice covered","Late Pleistocene, ice covered, commonly recent soil formation on fresh materials.",,,False,table 13
surfaceAge,O,,O,"Older, pre-Tertiary land surfaces","Older, pre-Tertiary land surfaces, commonly high planes, terraces or peneplains, except incised valleys, frequent occurrence of palaeosoils.",,,False,table 13
surfaceAge,lPf,,lPf,"Late Pleistocene, without periglacial influence.","Late Pleistocene, without periglacial influence.",,,False,table 13
surfaceAge,T,,T,Tertiary land surfaces,"Tertiary land surfaces, commonly high planes, terraces or peneplains, except incised valleys, frequent occurrence of palaeosoils.",,,False,table 13
mineralFragments,QU,,QU,<Quartz,,,,False,table 30
mineralFragments,FE,,FE,Feldspar,,,,False,table 30
mineralFragments,MI,,MI,Mica,,,,False,table 30
peatDecompostion,Sapric,,Sapric,Sapric,,,,False,table 31
peatDecompostion,D2,Fibric,D2,low,,,,False,table 31
peatDecompostion,D4,Hemic,D4,strong,,,,False,table 31
peatDecompostion,D5.2,Sapric,D5.2,very strong,,,,False,table 31
peatDecompostion,Hemic,,Hemic,Hemic,,,,False,table 31
peatDecompostion,D3,Fibric,D3,moderat,,,,False,table 31
peatDecompostion,Fibric,,Fibric,Fibric,,,,False,table 31
peatDecompostion,D1,Fibric,D1,very low,,,,False,table 31
peatDecompostion,D5.1,Hemic,D5.1,moderately strong,,,,False,table 31
rockShape,S,,S,Subrounded,,,,False,table 28
rockShape,A,,A,Angular,,,,False,table 28
rockShape,F,,F,Flat,,,,False,table 28
rockShape,R,,R,Rounded,,,,False,table 28
voidsClassification,B,,B,Vesicular,"Discontinuous spherical or elliptical voids (chambers) of sedimentary origin or formed by compressed air, e.g. gas bubbles in slaking crusts after heavy rainfall. Relatively unimportant in connection with plant growth.",,,False,table 61
voidsClassification,P,,P,Planes,"Most planes are extra-pedal voids, related to accommodating ped surfaces or cracking patterns. They are often not persistent and vary in size, shape and quantity depending on the moisture condition of the soil. Planar voids may be recorded, describing width and frequency.",,,False,table 61
voidsClassification,V,,V,Vughs,"Mostly irregular, equidimensional voids of faunal origin or resulting from tillage or disturbance of other voids. Discontinuous or interconnected. May be quantified in specific cases.",,,False,table 61
voidsClassification,C,,C,Channels,"Elongated voids of faunal or floral origin, mostly tubular in shape and continuous, varying strongly in diameter. When wider than a few centimetres (burrow holes), they are more adequately described under biological activity.",,,False,table 61
voidsClassification,I,,I,Interstitial,"Controlled by the fabric, or arrangement, of the soil particles, also known as textural voids. Subdivision possible into simple packing voids, which relate to the packing of sand particles, and compound packing voids, which result from the packing of non-accommodating peds. Predominantly irregular in shape and interconnected, and hard to quantify in the field.",,,False,table 61
cementationDegree,N,,N,Non-cemented and non-compacted,Neither cementation nor compaction observed (slakes in water).,,,False,table 72
cementationDegree,I,,I,Indurated,Cemented mass cannot be broken by body weight (75-kg standard soil scientist) (more than 90 percent of soil mass).,,,False,table 72
cementationDegree,M,,M,Moderately cemented,Cemented mass cannot be broken in the hands but is discontinuous (less than 90 percent of soil mass).,,,False,table 72
cementationDegree,W,,W,Weakly cemented,"Cemented mass is brittle and hard, but can be broken in the hands.",,,False,table 72
cementationDegree,C,,C,Cemented,Cemented mass cannot be broken in the hands and is continuous (more than 90 percent of soil mass).,,,False,table 72
cementationDegree,Y,,Y,Compacted but non-cemented,Compacted mass is appreciably harder or more brittle than other comparable soil mass (slakes in water).,,,False,table 72
weatherConditions,WC2,,WC2,o rain in the last week,"Former weather conditions (Ad-hoc-AG-Boden, 2005)",,,False,table 2
weatherConditions,WC6,,WC6,xtremely rainy time or snow melting,"Former weather conditions (Ad-hoc-AG-Boden, 2005)",,,False,table 2
weatherConditions,SU,,SU,sunny/clear,"Present weather conditions (Schoeneberger et al., 2002)",,,False,table 2
weatherConditions,SL,,SL,sleet,"Present weather conditions (Schoeneberger et al., 2002)",,,False,table 2
weatherConditions,WC3,,WC3,o rain in the last 24 hours,"Former weather conditions (Ad-hoc-AG-Boden, 2005)",,,False,table 2
weatherConditions,WC1,,WC1,o rain in the last month,"Former weather conditions (Ad-hoc-AG-Boden, 2005)",,,False,table 2
weatherConditions,RA,,RA,rai,"Present weather conditions (Schoeneberger et al., 2002)",,,False,table 2
weatherConditions,OV,,OV,overcast,"Present weather conditions (Schoeneberger et al., 2002)",,,False,table 2
weatherConditions,SN,,SN,snow,"Present weather conditions (Schoeneberger et al., 2002)",,,False,table 2
weatherConditions,WC4,,WC4,rainy without heavy rain in the last 24 hours,"Former weather conditions (Ad-hoc-AG-Boden, 2005)",,,False,table 2
weatherConditions,PC,,PC,partly cloudy,"Present weather conditions (Schoeneberger et al., 2002)",,,False,table 2
weatherConditions,WC5,,WC5,heavier rain for some days or rainstorm in the last 24 hours,"Former weather conditions (Ad-hoc-AG-Boden, 2005)",,,False,table 2
gypsumContent,MO,,MO,Moderately gypsiric,≈ 5–15 EC = > 1.8 dS m-1 in 10 g soil/250 ml H2O,,,False,table 40
gypsumContent,ST,,ST,Strongly gypsiric,≈ 15–60 higher amounts may be differentiated by abundance of H2O-soluble pseudomycelia/crystals and soil colour,,,False,table 40
gypsumContent,EX,,EX,Extremely gypsiric,≈ > 60,,,False,table 40
gypsumContent,SL,,SL,Slightly gypsiric,≈ 0–5 EC = < 1.8 dS m-1 in 10 g soil/250 ml H2O,,,False,table 40
gypsumContent,N,,N,Non-gypsiric,0 EC = < 0.18 dS m-1 in 10 g soil/250 ml H2O,,,False,table 40
textureUnconsolidated,,,,,,,,,
boundaryDistinctness,A,,A,Abrupt,0cm–2cm,,,False,table 24.1
boundaryDistinctness,C,,C,Clear,2cm–5cm,,,False,table 24.1
boundaryDistinctness,D,,D,Diffus,> 15cm,,,False,table 24.1
boundaryDistinctness,G,,G,Gradual,5cm–15cm,,,False,table 24.1
mottlesAbundance,M,,M,Many,15–40,,,False,table 32
mottlesAbundance,V,,V,Very few,0–2,,,False,table 32
mottlesAbundance,N,,N,No,0,,,False,table 32
mottlesAbundance,C,,C,Commo,5–15,,,False,table 32
mottlesAbundance,F,,F,Few,2–5,,,False,table 32
mottlesAbundance,A,,A,Abundant,> 40,,,False,table 32
carbonatesContent,EX,,EX,≈ > 25 Extremely calcareous Extremely strong reaction. Thick foam forms quickly.,,,,False,table 38
carbonatesContent,SL,,SL,≈ 0–2 Slightly calcareous Audible effervescence but not visible.,,,,False,table 38
carbonatesContent,N,,N,0 Non-calcareous No detectable visible or audible effervescence.,,,,False,table 38
carbonatesContent,MO,,MO,≈ 2–10 Moderately calcareous Visible effervescence.,,,,False,table 38
carbonatesContent,ST,,ST,≈ 10–25 Strongly calcareous Strong visible effervescence. Bubbles form a low foam.,,,,False,table 38
mineralConcVolume,V,,V,Very few,0–2,,,False,table 73
mineralConcVolume,A,,A,Abundant,40–80,,,False,table 73
mineralConcVolume,N,,N,No,0,,,False,table 73
mineralConcVolume,D,,D,Dominant,> 80,,,False,table 73
mineralConcVolume,M,,M,Many,15–40,,,False,table 73
mineralConcVolume,C,,C,Commo,5–15,,,False,table 73
mineralConcVolume,F,,F,Few,2–5,,,False,table 73
mineralConcNature,NK,,NK,Not know,,,,False,table 77
mineralConcNature,C,,C,Clay (argillaceous),,,,False,table 77
mineralConcNature,JA,,JA,Jarosit,,,,False,table 77
mineralConcNature,CS,,CS,Clay–sesquioxides,,,,False,table 77
mineralConcNature,GB,,GB,Gibbsit,,,,False,table 77
mineralConcNature,S,,S,Sulphur (sulphurous),,,,False,table 77
mineralConcNature,Q,,Q,Silica (siliceous),,,,False,table 77
mineralConcNature,K,,K,Carbonates (calcareous),,,,False,table 77
mineralConcNature,M,,M,Manganese (manganiferous),,,,False,table 77
mineralConcNature,FM,,FM,Iron–manganese (sesquioxides),,,,False,table 77
mineralConcNature,KQ,,KQ,Carbonates–silica,,,,False,table 77
mineralConcNature,GY,,GY,Gypsum (gypsiferous),,,,False,table 77
mineralConcNature,F,,F,Iron (ferruginous),,,,False,table 77
mineralConcNature,SA,,SA,Salt (saline),,,,False,table 77
rootsAbundance,C,,C,Commo,< 2 mm (number)50–200 ;> 2 mm (number)5–20,,,False,table 80
rootsAbundance,V,,V,Very few,< 2 mm (number)1–20 ;> 2 mm (number)1–2,,,False,table 80
rootsAbundance,M,,M,Many,< 2 mm (number)> 200 ;> 2 mm (number)> 20,,,False,table 80
rootsAbundance,N,,N,No,< 2 mm (number)0;> 2 mm (number)0,,,False,table 80
rootsAbundance,F,,F,Few,< 2 mm (number)20–50;> 2 mm (number) 2–5,,,False,table 80
cementationContinuity,B,,B,Brok,"The layer is less than 50 percent cemented or compacted, and shows a rather irregular appearance.",,,False,table 69
cementationContinuity,D,,D,Discontinuous,"The layer is 50–90 percent cemented or compacted, and in general shows a regular appearance.",,,False,table 69
cementationContinuity,C,,C,Continuous,"The layer is more than 90 percent cemented or compacted, and is only interrupted in places by cracks or fissures.",,,False,table 69
fragmentSize,L,,L,Large boulders,60cm–200cm,,,False,table 15.2
fragmentSize,C,,C,Coarse gravel,2cm–6cm,,,False,table 15.2
fragmentSize,B,,B,Boulders,20cm–60cm,,,False,table 15.2
fragmentSize,S,,S,Stones,6cm–20cm,,,False,table 15.2
fragmentSize,M,,M,Medium gravel,0.6cm–2.0cm,,,False,table 15.2
fragmentSize,F,,F,Fine gravel,0.2cm–0.6cm,,,False,table 15.2
saltCover,0,,0,No,0%–2%,,,False,table 22.1
saltCover,4,,4,Dominant,> 80%,,,False,table 22.1
saltCover,3,,3,High,40%–80%,,,False,table 22.1
saltCover,2,,2,Moderat,15%–40%,,,False,table 22.1
saltCover,1,,1,Low,2%–15%,,,False,table 22.1
cementationNature,K,,K,Carbonates,,,,False,
cementationNature,C,,C,Clay,,,,False,
cementationNature,CS,,CS,Clay–sesquioxides,,,,False,
cementationNature,M,,M,Mechanical,,,,False,
cementationNature,FM,,FM,Iron–manganese (sesquioxides),,,,False,
cementationNature,I,,I,Ic,,,,False,
cementationNature,Q,,Q,Silica,,,,False,
cementationNature,NK,,NK,Not know,,,,False,
cementationNature,P,,P,Ploughing,,,,False,
cementationNature,F,,F,Iro,,,,False,
cementationNature,FO,,FO,Iron–organic matter,,,,False,
cementationNature,KQ,,KQ,Carbonates–silica,,,,False,
cementationNature,GY,,GY,Gypsum,,,,False,
cropClass,Ce_Wh,Ce,Ce_Wh,Wheat,,,,False,table 9
cropClass,Ro_Ya,Ro,Ro_Ya,Yams,,,,False,table 9
cropClass,Lu,,Lu,Semi-luxury foods and tobacco,,,,False,table 9
cropClass,Oi_Su,Oi,Oi_Su,Sunflower,,,,False,table 9
cropClass,Ce_Oa,Ce,Ce_Oa,Oats,,,,False,table 9
cropClass,Oi_So,Oi,Oi_So,Soybeans,,,,False,table 9
cropClass,Oi_Li,Oi,Li,Linseed,,,,False,table 9
cropClass,Lu_Cc,Lu,Lu_Cc,Cocoa,,,,False,table 9
cropClass,Ro_Ca,Ro,Ro_Ca,Cassava,,,,False,table 9
cropClass,Ce_Ry,Ce,Ce_Ry,Ry,,,,False,table 9
cropClass,Ce,,Ce,Cereals,,,,False,table 9
cropClass,Fr_Ci,Fr,Fr_Ci,Citrus,,,,False,table 9
cropClass,Ot_Ru,Ot,Ot_Ru,Rubber,,,,False,table 9
cropClass,Fr_Ba,Fr,Fr_Ba,Bananas,,,,False,table 9
cropClass,Ot_Sc,Ot,Ot_Sc,Sugar ca,,,,False,table 9
cropClass,Fi_Ju,Fi,Fi_Ju,Jut,,,,False,table 9
cropClass,Fr,,Fr,Fruits and melons,,,,False,table 9
cropClass,Oi_Gr,Oi,Oi_Gr,Groundnuts,,,,False,table 9
cropClass,Pu,,Pu,Pulses,,,,False,table 9
cropClass,Ce_Mi,Ce,Ce_Mi,Millet,,,,False,table 9
cropClass,Fr_Ap,Fr,Fr_Ap,Apples,,,,False,table 9
cropClass,Ol,Oi,Oi_Ol,Olives,,,,False,table 9
cropClass,Fo_Ma,Fo,Fo_Ma,Maiz,,,,False,table 9
cropClass,Fo_Gr,Fo,Fo_Gr,Grasses,,,,False,table 9
cropClass,Fi_Co,Fi,Fi_Co,Cotto,,,,False,table 9
cropClass,Ce_Pa,Ce,Ce_Pa,"Rice, paddy",,,,False,table 9
cropClass,Pu_Le,Pu,Pu_Le,Lentils,,,,False,table 9
cropClass,Lu_To,Lu,Lu_To,Tobacco,,,,False,table 9
cropClass,Pu_Be,Pu,Pu_Be,Beans,,,,False,table 9
cropClass,Fr_Gr,Fr,Fr_Gr,"Grapes, Wine, Raisins",,,,False,table 9
cropClass,Ro_Po,Ro,Ro_Po,Potatoes,,,,False,table 9
cropClass,Ot_Pa,Ot,Ot_Pa,"Palm (fibres, kernels)",,,,False,table 9
cropClass,Pu_Pe,Pu,Pu_Pe,Peas,,,,False,table 9
cropClass,Fr_Me,Fr,Fr_Me,Melons,,,,False,table 9
cropClass,Oi_Op,Oi,Oi_Op,Oil-palm,,,,False,table 9
cropClass,Oi,,Oi,Oilcrops,,,,False,table 9
cropClass,Fo_Al,Fo,Fo_Al,Alfalfa,,,,False,table 9
cropClass,Ce_Ma,Ce,Ce_Ma,Maiz,,,,False,table 9
cropClass,Fo_Cl,Fo,Fo_Cl,Clover,,,,False,table 9
cropClass,Ce_So,Ce,Ce_So,Sorghum,,,,False,table 9
cropClass,Fi,,Fi,Fibre crops,,,,False,table 9
cropClass,Lu_Te,Lu,Lu_Te,Tea,,,,False,table 9
cropClass,Ce_Ri,Ce,Ce_Ra,"Rice, dry",,,,False,table 9
cropClass,Fo_Ha,Fo,Fo_Ha,Hay,,,,False,table 9
cropClass,Fo_Le,Fo,Fo_Le,Leguminous,,,,False,table 9
cropClass,Oi_Ra,Oi,Oi_Ra,Rap,,,,False,table 9
cropClass,Fo_Pu,Fo,Fo_Pu,Pumpkins,,,,False,table 9
cropClass,Oi_Cc,Oi,Oi_Cc,Coconuts,,,,False,table 9
cropClass,Fr_Ma,Fr,Fr_Ma,Mangoes,,,,False,table 9
cropClass,Ve,,Ve,Vegetables,,,,False,table 9
cropClass,Fo,,Fo,Fodder plants,,,,False,table 9
cropClass,Ot,,Ot,Other crops,,,,False,table 9
cropClass,Oi_Se,Oi,Oi_Se,Sesam,,,,False,table 9
cropClass,Ce_Ba,Ce,Ce_Ba,Barley,,,,False,table 9
cropClass,Ro_Su,Ro,Ro_Su,Sugar beets,,,,False,table 9
cropClass,Ro,,Ro,Roots and tubers,,,,False,table 9
cropClass,Lu_Co,Lu,Lu_Co,Coff,,,,False,table 9
slopeForm,V,,V,convex,,,,False,table 6
slopeForm,S,,S,straight,,,,False,table 6
slopeForm,X,,X,complex (irregular),,,,False,table 6
slopeForm,C,,C,concav,,,,False,table 6
slopeForm,T,,T,terraced,,,,False,table 6
organicMatterClass,,,,,,,,,
sealingConsistence,V,,V,Very hard,,,,False,table 20.2
sealingConsistence,H,,H,Hard,,,,False,table 20.2
sealingConsistence,S,,S,Slightly hard,,,,False,table 20.2
sealingConsistence,E,,E,Extremely hard,,,,False,table 20.2
floodDuration,,,,,,,,,
majorLandForm,T,,T,steep land,,,,False,table 4
majorLandForm,TE,T,TE,high-gradient escarpment zo,,,,False,table 4
majorLandForm,SE,S,SE,medium-gradient escarpment zo,,,,False,table 4
majorLandForm,LL,L,LL,plateau,,,,False,table 4
majorLandForm,LP,L,LP,plai,,,,False,table 4
majorLandForm,SP,S,SP,dissected plai,,,,False,table 4
majorLandForm,SM,S,SM,medium-gradient mountai,,,,False,table 4
majorLandForm,TM,T,TM,high-gradient mountai,,,,False,table 4
majorLandForm,TV,T,TV,high-gradient valley,,,,False,table 4
majorLandForm,SV,S,SV,medium-gradient valley,,,,False,table 4
majorLandForm,LV,L,LV,valley floor,,,,False,table 4
majorLandForm,L,,L,level land,,,,False,table 4
majorLandForm,SH,S,SH,medium-gradient hill,,,,False,table 4
majorLandForm,LD,L,LD,depressio,,,,False,table 4
majorLandForm,S,,S,sloping land,,,,False,table 4
majorLandForm,TH,T,TH,high-gradient hill,,,,False,table 4
peatDrainage,DC4,,DC4,Well drained,,,,False,table 59.1
peatDrainage,DC1,,DC1,Undrained,,,,False,table 59.1
peatDrainage,DC3,,DC3,Moderately drained,,,,False,table 59.1
peatDrainage,DC2,,DC2,Weakly drained,,,,False,table 59.1
structureGrade,MS,,MS,Moderate to strong,Moderate to strong,,,False,table 47
structureGrade,WM,,WM,Weak to moderat,Weak to moderate,,,False,table 47
structureGrade,MO,,MO,Moderat,"Aggregates are observable in place and there is a distinct arrangement of natural surfaces of weakness. When disturbed, the soil material breaks into a mixture of many entire aggregates, some broken aggregates, and little material without aggregates faces. Aggregates surfaces generally show distinct differences with the aggregates interiors.",,,False,table 47
structureGrade,ST,,ST,Strong,"Aggregates are clearly observable in place and there is a prominent arrangement of natural surfaces of weakness. When disturbed, the soil material separates mainly into entire aggregates. Aggregates surfaces generally differ markedly from aggregate interiors.",,,False,table 47
structureGrade,WE,,WE,Weak,"Aggregates are barely observable in place and there is only a weak arrangement of natural surfaces of weakness. When gently disturbed, the soil material breaks into a mixture of few entire aggregates, many broken aggregates, and much material without aggregate faces. Aggregate surfaces differ in some way from the aggregate interior.",,,False,table 47
rockAbundance,C,,C,Commo,5%–15%,,,False,table 26
rockAbundance,A,,A,Abundant,40%–80%,,,False,table 26
rockAbundance,D,,D,Dominant,> 80%,,,False,table 26
rockAbundance,V,,V,Very few,0%–2%,,,False,table 26
rockAbundance,N,,N,No,0%,,,False,table 26
rockAbundance,S,,S,Stone li,"any content, but concentrated at a distinct depth of a horizon",,,False,table 26
rockAbundance,F,,F,Few,2%–5%,,,False,table 26
rockAbundance,M,,M,Many,15%–40%,,,False,table 26
porosityClass,1,,1,Very low,< 2,,,False,table 60
porosityClass,4,,4,High,15–40,,,False,table 60
porosityClass,3,,3,Medium,5–15,,,False,table 60
porosityClass,5,,5,Very high,> 40,,,False,table 60
porosityClass,2,,2,Low,2–5,,,False,table 60
